mlclient::internals::AuthenticatingProxy::putSync,9
mlclient::Connection::saveDocument,9
ConnectionDocumentCrudTest::testSaveJson,9
mlclient::Response::Impl::parseContentTypeHeader,0
mlclient::Response::Impl::parseContentTypeHeader,0
mlclient::internals::AuthenticatingProxy::getSync,3
mlclient::Connection::getDocument,3
ConnectionDocumentCrudTest::testGetJson,3
mlclient::internals::AuthenticatingProxy::deleteSync,3
mlclient::Connection::deleteDocument,3
ConnectionDocumentCrudTest::testDeleteJson,3
mlclient::internals::AuthenticatingProxy::putSync,5
mlclient::Connection::saveDocument,5
ConnectionDocumentCrudTest::testSaveXml,5
mlclient::Response::Impl::parseContentTypeHeader,0
mlclient::Response::Impl::parseContentTypeHeader,0
mlclient::internals::AuthenticatingProxy::getSync,4
mlclient::Connection::getDocument,4
ConnectionDocumentCrudTest::testGetXml,5
mlclient::internals::AuthenticatingProxy::deleteSync,3
mlclient::Connection::deleteDocument,3
ConnectionDocumentCrudTest::testDeleteXml,3
mlclient::internals::AuthenticatingProxy::putSync,4
mlclient::Connection::saveDocument,4
ConnectionDocumentCrudTest::testSaveText,4
mlclient::Response::Impl::parseContentTypeHeader,0
mlclient::Response::Impl::parseContentTypeHeader,0
mlclient::internals::AuthenticatingProxy::getSync,4
mlclient::Connection::getDocument,4
ConnectionDocumentCrudTest::testGetText,4
mlclient::internals::AuthenticatingProxy::deleteSync,4
mlclient::Connection::deleteDocument,4
ConnectionDocumentCrudTest::testDeleteText,4
mlclient::SearchDescription::getPayload,0
mlclient::Response::Impl::parseContentTypeHeader,0
mlclient::Response::Impl::parseContentTypeHeader,0
mlclient::internals::AuthenticatingProxy::postSync,33
mlclient::Connection::search,33
ConnectionSearchTest::testEmptySearch,35
mlclient::SearchDescription::getPayload,0
mlclient::Response::Impl::parseContentTypeHeader,0
mlclient::Response::Impl::parseContentTypeHeader,0
mlclient::internals::AuthenticatingProxy::postSync,19
mlclient::Connection::search,19
ConnectionSearchTest::testQueryText,20
mlclient::SearchDescription::getPayload,0
mlclient::Response::Impl::parseContentTypeHeader,0
mlclient::Response::Impl::parseContentTypeHeader,0
mlclient::internals::AuthenticatingProxy::postSync,29
mlclient::Connection::search,29
ConnectionSearchTest::testWordQuery,31
